Date,Time,Device Name,IP Address,OID,Response Value,Status
02-11-2024,08:06:39,My PC,127.0.0.1,.1.3.6.1.2.1.1.1.0,null,error performing SNMP get: request timeout (after 1 retries)
02-11-2024,08:06:53,My PC,127.0.0.1,.1.3.6.1.2.1.1.1.0,null,error performing SNMP get: request timeout (after 1 retries)
02-11-2024,08:07:07,My PC,127.0.0.1,.1.3.6.1.2.1.1.1.0,null,error performing SNMP get: request timeout (after 1 retries)
02-11-2024,08:07:21,My PC,127.0.0.1,.1.3.6.1.2.1.1.1.0,null,error performing SNMP get: request timeout (after 1 retries)
02-11-2024,08:07:35,My PC,127.0.0.1,.1.3.6.1.2.1.1.1.0,null,error performing SNMP get: request timeout (after 1 retries)
02-11-2024,08:07:49,My PC,127.0.0.1,.1.3.6.1.2.1.1.1.0,null,error performing SNMP get: request timeout (after 1 retries)
02-11-2024,08:08:03,My PC,127.0.0.1,.1.3.6.1.2.1.1.1.0,null,error performing SNMP get: request timeout (after 1 retries)
02-11-2024,08:08:17,My PC,127.0.0.1,.1.3.6.1.2.1.1.1.0,null,error performing SNMP get: request timeout (after 1 retries)
02-11-2024,08:08:31,My PC,127.0.0.1,.1.3.6.1.2.1.1.1.0,null,error performing SNMP get: request timeout (after 1 retries)
02-11-2024,08:08:45,My PC,127.0.0.1,.1.3.6.1.2.1.1.1.0,null,error performing SNMP get: request timeout (after 1 retries)
02-11-2024,08:08:59,My PC,127.0.0.1,.1.3.6.1.2.1.1.1.0,null,error performing SNMP get: request timeout (after 1 retries)
02-11-2024,08:09:13,My PC,127.0.0.1,.1.3.6.1.2.1.1.1.0,null,error performing SNMP get: request timeout (after 1 retries)
02-11-2024,08:09:27,My PC,127.0.0.1,.1.3.6.1.2.1.1.1.0,null,error performing SNMP get: request timeout (after 1 retries)
02-11-2024,08:09:41,My PC,127.0.0.1,.1.3.6.1.2.1.1.1.0,null,error performing SNMP get: request timeout (after 1 retries)
02-11-2024,08:09:55,My PC,127.0.0.1,.1.3.6.1.2.1.1.1.0,null,error performing SNMP get: request timeout (after 1 retries)
02-11-2024,08:10:13,My PC,127.0.0.1,.1.3.6.1.2.1.1.1.0,null,error performing SNMP get: request timeout (after 1 retries)
02-11-2024,08:10:23,My PC,127.0.0.1,.1.3.6.1.2.1.1.1.0,null,SNMP monitoring has been stopped
02-11-2024,08:20:31,My PC,127.0.0.1,.1.3.6.1.2.1.1.1.0,null,error performing SNMP get: request timeout (after 1 retries)
02-11-2024,08:20:45,My PC,127.0.0.1,.1.3.6.1.2.1.1.1.0,null,error performing SNMP get: request timeout (after 1 retries)
02-11-2024,08:20:59,My PC,127.0.0.1,.1.3.6.1.2.1.1.1.0,null,error performing SNMP get: request timeout (after 1 retries)
02-11-2024,08:21:13,My PC,127.0.0.1,.1.3.6.1.2.1.1.1.0,null,error performing SNMP get: request timeout (after 1 retries)
02-11-2024,08:21:27,My PC,127.0.0.1,.1.3.6.1.2.1.1.1.0,null,error performing SNMP get: request timeout (after 1 retries)
02-11-2024,08:21:41,My PC,127.0.0.1,.1.3.6.1.2.1.1.1.0,null,error performing SNMP get: request timeout (after 1 retries)
02-11-2024,08:21:55,My PC,127.0.0.1,.1.3.6.1.2.1.1.1.0,null,error performing SNMP get: request timeout (after 1 retries)
02-11-2024,08:22:07,My PC,127.0.0.1,.1.3.6.1.2.1.1.1.0,null,error performing SNMP get: request timeout (after 1 retries)
02-11-2024,08:22:17,My PC,127.0.0.1,.1.3.6.1.2.1.1.1.0,null,SNMP monitoring has been stopped
02-11-2024,08:31:06,My PC,127.0.0.1,.1.3.6.1.2.1.1.1.0,null,error performing SNMP get: request timeout (after 1 retries)
02-11-2024,08:31:16,My PC,127.0.0.1,.1.3.6.1.2.1.1.1.0,null,SNMP monitoring has been stopped
02-11-2024,08:36:59,My PC,127.0.0.1,.1.3.6.1.2.1.1.1.0,null,error performing SNMP get: request timeout (after 1 retries)
02-11-2024,08:37:09,My PC,127.0.0.1,.1.3.6.1.2.1.1.1.0,null,SNMP monitoring has been stopped
02-11-2024,08:55:46,My PC,127.0.0.1,.1.3.6.1.2.1.1.1.0,null,error performing SNMP get: request timeout (after 1 retries)
02-11-2024,08:55:56,My PC,127.0.0.1,.1.3.6.1.2.1.1.1.0,null,SNMP monitoring has been stopped
02-11-2024,09:00:09,My PC,127.0.0.1,.1.3.6.1.2.1.1.1.0,null,error performing SNMP get: request timeout (after 1 retries)
02-11-2024,09:00:19,My PC,127.0.0.1,.1.3.6.1.2.1.1.1.0,null,SNMP monitoring has been stopped
02-11-2024,09:01:34,My PC,127.0.0.1,.1.3.6.1.2.1.1.1.0,null,error performing SNMP get: request timeout (after 1 retries)
02-11-2024,09:01:48,My PC,127.0.0.1,.1.3.6.1.2.1.1.1.0,null,error performing SNMP get: request timeout (after 1 retries)
02-11-2024,09:02:02,My PC,127.0.0.1,.1.3.6.1.2.1.1.1.0,null,error performing SNMP get: request timeout (after 1 retries)
02-11-2024,09:02:16,My PC,127.0.0.1,.1.3.6.1.2.1.1.1.0,null,error performing SNMP get: request timeout (after 1 retries)
02-11-2024,09:02:30,My PC,127.0.0.1,.1.3.6.1.2.1.1.1.0,null,error performing SNMP get: request timeout (after 1 retries)
02-11-2024,09:02:44,My PC,127.0.0.1,.1.3.6.1.2.1.1.1.0,null,error performing SNMP get: request timeout (after 1 retries)
02-11-2024,09:02:58,My PC,127.0.0.1,.1.3.6.1.2.1.1.1.0,null,error performing SNMP get: request timeout (after 1 retries)
02-11-2024,09:03:12,My PC,127.0.0.1,.1.3.6.1.2.1.1.1.0,null,error performing SNMP get: request timeout (after 1 retries)
02-11-2024,09:03:26,My PC,127.0.0.1,.1.3.6.1.2.1.1.1.0,null,error performing SNMP get: request timeout (after 1 retries)
02-11-2024,09:03:40,My PC,127.0.0.1,.1.3.6.1.2.1.1.1.0,null,error performing SNMP get: request timeout (after 1 retries)
02-11-2024,09:03:54,My PC,127.0.0.1,.1.3.6.1.2.1.1.1.0,null,error performing SNMP get: request timeout (after 1 retries)
02-11-2024,09:04:08,My PC,127.0.0.1,.1.3.6.1.2.1.1.1.0,null,error performing SNMP get: request timeout (after 1 retries)
02-11-2024,09:04:22,My PC,127.0.0.1,.1.3.6.1.2.1.1.1.0,null,error performing SNMP get: request timeout (after 1 retries)
02-11-2024,09:04:36,My PC,127.0.0.1,.1.3.6.1.2.1.1.1.0,null,error performing SNMP get: request timeout (after 1 retries)
02-11-2024,09:04:50,My PC,127.0.0.1,.1.3.6.1.2.1.1.1.0,null,error performing SNMP get: request timeout (after 1 retries)
02-11-2024,09:05:04,My PC,127.0.0.1,.1.3.6.1.2.1.1.1.0,null,error performing SNMP get: request timeout (after 1 retries)
02-11-2024,09:05:18,My PC,127.0.0.1,.1.3.6.1.2.1.1.1.0,null,error performing SNMP get: request timeout (after 1 retries)
02-11-2024,09:05:32,My PC,127.0.0.1,.1.3.6.1.2.1.1.1.0,null,error performing SNMP get: request timeout (after 1 retries)
02-11-2024,09:05:46,My PC,127.0.0.1,.1.3.6.1.2.1.1.1.0,null,error performing SNMP get: request timeout (after 1 retries)
02-11-2024,09:06:00,My PC,127.0.0.1,.1.3.6.1.2.1.1.1.0,null,error performing SNMP get: request timeout (after 1 retries)
02-11-2024,09:06:14,My PC,127.0.0.1,.1.3.6.1.2.1.1.1.0,null,error performing SNMP get: request timeout (after 1 retries)
02-11-2024,09:06:28,My PC,127.0.0.1,.1.3.6.1.2.1.1.1.0,null,error performing SNMP get: request timeout (after 1 retries)
02-11-2024,09:06:42,My PC,127.0.0.1,.1.3.6.1.2.1.1.1.0,null,error performing SNMP get: request timeout (after 1 retries)
02-11-2024,09:06:56,My PC,127.0.0.1,.1.3.6.1.2.1.1.1.0,null,error performing SNMP get: request timeout (after 1 retries)
02-11-2024,09:07:10,My PC,127.0.0.1,.1.3.6.1.2.1.1.1.0,null,error performing SNMP get: request timeout (after 1 retries)
02-11-2024,09:07:24,My PC,127.0.0.1,.1.3.6.1.2.1.1.1.0,null,error performing SNMP get: request timeout (after 1 retries)
02-11-2024,09:07:38,My PC,127.0.0.1,.1.3.6.1.2.1.1.1.0,null,error performing SNMP get: request timeout (after 1 retries)
02-11-2024,09:07:52,My PC,127.0.0.1,.1.3.6.1.2.1.1.1.0,null,error performing SNMP get: request timeout (after 1 retries)
02-11-2024,09:08:06,My PC,127.0.0.1,.1.3.6.1.2.1.1.1.0,null,error performing SNMP get: request timeout (after 1 retries)
02-11-2024,09:08:20,My PC,127.0.0.1,.1.3.6.1.2.1.1.1.0,null,error performing SNMP get: request timeout (after 1 retries)
02-11-2024,09:08:34,My PC,127.0.0.1,.1.3.6.1.2.1.1.1.0,null,error performing SNMP get: request timeout (after 1 retries)
02-11-2024,09:08:48,My PC,127.0.0.1,.1.3.6.1.2.1.1.1.0,null,error performing SNMP get: request timeout (after 1 retries)
02-11-2024,09:09:02,My PC,127.0.0.1,.1.3.6.1.2.1.1.1.0,null,error performing SNMP get: request timeout (after 1 retries)
02-11-2024,09:09:16,My PC,127.0.0.1,.1.3.6.1.2.1.1.1.0,null,error performing SNMP get: request timeout (after 1 retries)
02-11-2024,09:09:31,My PC,127.0.0.1,.1.3.6.1.2.1.1.1.0,null,error performing SNMP get: request timeout (after 1 retries)
02-11-2024,09:09:45,My PC,127.0.0.1,.1.3.6.1.2.1.1.1.0,null,error performing SNMP get: request timeout (after 1 retries)
02-11-2024,09:09:59,My PC,127.0.0.1,.1.3.6.1.2.1.1.1.0,null,error performing SNMP get: request timeout (after 1 retries)
02-11-2024,09:10:13,My PC,127.0.0.1,.1.3.6.1.2.1.1.1.0,null,error performing SNMP get: request timeout (after 1 retries)
02-11-2024,09:10:27,My PC,127.0.0.1,.1.3.6.1.2.1.1.1.0,null,error performing SNMP get: request timeout (after 1 retries)
02-11-2024,09:10:41,My PC,127.0.0.1,.1.3.6.1.2.1.1.1.0,null,error performing SNMP get: request timeout (after 1 retries)
02-11-2024,09:10:55,My PC,127.0.0.1,.1.3.6.1.2.1.1.1.0,null,error performing SNMP get: request timeout (after 1 retries)
02-11-2024,09:11:09,My PC,127.0.0.1,.1.3.6.1.2.1.1.1.0,null,error performing SNMP get: request timeout (after 1 retries)
02-11-2024,09:11:23,My PC,127.0.0.1,.1.3.6.1.2.1.1.1.0,null,error performing SNMP get: request timeout (after 1 retries)
02-11-2024,09:11:37,My PC,127.0.0.1,.1.3.6.1.2.1.1.1.0,null,error performing SNMP get: request timeout (after 1 retries)
02-11-2024,09:11:51,My PC,127.0.0.1,.1.3.6.1.2.1.1.1.0,null,error performing SNMP get: request timeout (after 1 retries)
02-11-2024,09:12:05,My PC,127.0.0.1,.1.3.6.1.2.1.1.1.0,null,error performing SNMP get: request timeout (after 1 retries)
02-11-2024,09:12:19,My PC,127.0.0.1,.1.3.6.1.2.1.1.1.0,null,error performing SNMP get: request timeout (after 1 retries)
02-11-2024,09:12:33,My PC,127.0.0.1,.1.3.6.1.2.1.1.1.0,null,error performing SNMP get: request timeout (after 1 retries)
02-11-2024,09:12:47,My PC,127.0.0.1,.1.3.6.1.2.1.1.1.0,null,error performing SNMP get: request timeout (after 1 retries)
02-11-2024,09:13:01,My PC,127.0.0.1,.1.3.6.1.2.1.1.1.0,null,error performing SNMP get: request timeout (after 1 retries)
02-11-2024,09:13:15,My PC,127.0.0.1,.1.3.6.1.2.1.1.1.0,null,error performing SNMP get: request timeout (after 1 retries)
02-11-2024,09:13:29,My PC,127.0.0.1,.1.3.6.1.2.1.1.1.0,null,error performing SNMP get: request timeout (after 1 retries)
02-11-2024,09:13:43,My PC,127.0.0.1,.1.3.6.1.2.1.1.1.0,null,error performing SNMP get: request timeout (after 1 retries)
02-11-2024,09:13:57,My PC,127.0.0.1,.1.3.6.1.2.1.1.1.0,null,error performing SNMP get: request timeout (after 1 retries)
02-11-2024,09:14:11,My PC,127.0.0.1,.1.3.6.1.2.1.1.1.0,null,error performing SNMP get: request timeout (after 1 retries)
02-11-2024,09:14:25,My PC,127.0.0.1,.1.3.6.1.2.1.1.1.0,null,error performing SNMP get: request timeout (after 1 retries)
02-11-2024,09:14:39,My PC,127.0.0.1,.1.3.6.1.2.1.1.1.0,null,error performing SNMP get: request timeout (after 1 retries)
02-11-2024,09:14:53,My PC,127.0.0.1,.1.3.6.1.2.1.1.1.0,null,error performing SNMP get: request timeout (after 1 retries)
02-11-2024,09:15:07,My PC,127.0.0.1,.1.3.6.1.2.1.1.1.0,null,error performing SNMP get: request timeout (after 1 retries)
02-11-2024,09:15:21,My PC,127.0.0.1,.1.3.6.1.2.1.1.1.0,null,error performing SNMP get: request timeout (after 1 retries)
02-11-2024,09:15:35,My PC,127.0.0.1,.1.3.6.1.2.1.1.1.0,null,error performing SNMP get: request timeout (after 1 retries)
02-11-2024,09:15:49,My PC,127.0.0.1,.1.3.6.1.2.1.1.1.0,null,error performing SNMP get: request timeout (after 1 retries)
02-11-2024,09:16:03,My PC,127.0.0.1,.1.3.6.1.2.1.1.1.0,null,error performing SNMP get: request timeout (after 1 retries)
02-11-2024,09:16:17,My PC,127.0.0.1,.1.3.6.1.2.1.1.1.0,null,error performing SNMP get: request timeout (after 1 retries)
02-11-2024,09:16:31,My PC,127.0.0.1,.1.3.6.1.2.1.1.1.0,null,error performing SNMP get: request timeout (after 1 retries)
02-11-2024,09:16:45,My PC,127.0.0.1,.1.3.6.1.2.1.1.1.0,null,error performing SNMP get: request timeout (after 1 retries)
02-11-2024,09:16:59,My PC,127.0.0.1,.1.3.6.1.2.1.1.1.0,null,error performing SNMP get: request timeout (after 1 retries)
02-11-2024,09:17:13,My PC,127.0.0.1,.1.3.6.1.2.1.1.1.0,null,error performing SNMP get: request timeout (after 1 retries)
02-11-2024,09:17:27,My PC,127.0.0.1,.1.3.6.1.2.1.1.1.0,null,error performing SNMP get: request timeout (after 1 retries)
02-11-2024,09:17:41,My PC,127.0.0.1,.1.3.6.1.2.1.1.1.0,null,error performing SNMP get: request timeout (after 1 retries)
02-11-2024,09:17:55,My PC,127.0.0.1,.1.3.6.1.2.1.1.1.0,null,error performing SNMP get: request timeout (after 1 retries)
02-11-2024,09:18:09,My PC,127.0.0.1,.1.3.6.1.2.1.1.1.0,null,error performing SNMP get: request timeout (after 1 retries)
02-11-2024,09:18:23,My PC,127.0.0.1,.1.3.6.1.2.1.1.1.0,null,error performing SNMP get: request timeout (after 1 retries)
02-11-2024,09:18:37,My PC,127.0.0.1,.1.3.6.1.2.1.1.1.0,null,error performing SNMP get: request timeout (after 1 retries)
02-11-2024,09:18:51,My PC,127.0.0.1,.1.3.6.1.2.1.1.1.0,null,error performing SNMP get: request timeout (after 1 retries)
02-11-2024,09:19:05,My PC,127.0.0.1,.1.3.6.1.2.1.1.1.0,null,error performing SNMP get: request timeout (after 1 retries)
02-11-2024,09:19:19,My PC,127.0.0.1,.1.3.6.1.2.1.1.1.0,null,error performing SNMP get: request timeout (after 1 retries)
02-11-2024,09:19:33,My PC,127.0.0.1,.1.3.6.1.2.1.1.1.0,null,error performing SNMP get: request timeout (after 1 retries)
02-11-2024,09:19:47,My PC,127.0.0.1,.1.3.6.1.2.1.1.1.0,null,error performing SNMP get: request timeout (after 1 retries)
02-11-2024,09:20:01,My PC,127.0.0.1,.1.3.6.1.2.1.1.1.0,null,error performing SNMP get: request timeout (after 1 retries)
02-11-2024,09:20:15,My PC,127.0.0.1,.1.3.6.1.2.1.1.1.0,null,error performing SNMP get: request timeout (after 1 retries)
02-11-2024,09:20:29,My PC,127.0.0.1,.1.3.6.1.2.1.1.1.0,null,error performing SNMP get: request timeout (after 1 retries)
02-11-2024,09:20:43,My PC,127.0.0.1,.1.3.6.1.2.1.1.1.0,null,error performing SNMP get: request timeout (after 1 retries)
02-11-2024,09:20:57,My PC,127.0.0.1,.1.3.6.1.2.1.1.1.0,null,error performing SNMP get: request timeout (after 1 retries)
02-11-2024,09:21:11,My PC,127.0.0.1,.1.3.6.1.2.1.1.1.0,null,error performing SNMP get: request timeout (after 1 retries)
02-11-2024,09:21:25,My PC,127.0.0.1,.1.3.6.1.2.1.1.1.0,null,error performing SNMP get: request timeout (after 1 retries)
02-11-2024,09:21:39,My PC,127.0.0.1,.1.3.6.1.2.1.1.1.0,null,error performing SNMP get: request timeout (after 1 retries)
02-11-2024,09:21:53,My PC,127.0.0.1,.1.3.6.1.2.1.1.1.0,null,error performing SNMP get: request timeout (after 1 retries)
02-11-2024,09:22:07,My PC,127.0.0.1,.1.3.6.1.2.1.1.1.0,null,error performing SNMP get: request timeout (after 1 retries)
02-11-2024,09:22:21,My PC,127.0.0.1,.1.3.6.1.2.1.1.1.0,null,error performing SNMP get: request timeout (after 1 retries)
02-11-2024,09:22:35,My PC,127.0.0.1,.1.3.6.1.2.1.1.1.0,null,error performing SNMP get: request timeout (after 1 retries)
02-11-2024,09:22:49,My PC,127.0.0.1,.1.3.6.1.2.1.1.1.0,null,error performing SNMP get: request timeout (after 1 retries)
02-11-2024,09:23:03,My PC,127.0.0.1,.1.3.6.1.2.1.1.1.0,null,error performing SNMP get: request timeout (after 1 retries)
02-11-2024,09:23:17,My PC,127.0.0.1,.1.3.6.1.2.1.1.1.0,null,error performing SNMP get: request timeout (after 1 retries)
02-11-2024,09:23:31,My PC,127.0.0.1,.1.3.6.1.2.1.1.1.0,null,error performing SNMP get: request timeout (after 1 retries)
02-11-2024,09:23:45,My PC,127.0.0.1,.1.3.6.1.2.1.1.1.0,null,error performing SNMP get: request timeout (after 1 retries)
02-11-2024,09:23:59,My PC,127.0.0.1,.1.3.6.1.2.1.1.1.0,null,error performing SNMP get: request timeout (after 1 retries)
02-11-2024,09:24:13,My PC,127.0.0.1,.1.3.6.1.2.1.1.1.0,null,error performing SNMP get: request timeout (after 1 retries)
02-11-2024,09:24:27,My PC,127.0.0.1,.1.3.6.1.2.1.1.1.0,null,error performing SNMP get: request timeout (after 1 retries)
02-11-2024,09:24:41,My PC,127.0.0.1,.1.3.6.1.2.1.1.1.0,null,error performing SNMP get: request timeout (after 1 retries)
02-11-2024,09:24:55,My PC,127.0.0.1,.1.3.6.1.2.1.1.1.0,null,error performing SNMP get: request timeout (after 1 retries)
02-11-2024,09:25:09,My PC,127.0.0.1,.1.3.6.1.2.1.1.1.0,null,error performing SNMP get: request timeout (after 1 retries)
02-11-2024,09:25:23,My PC,127.0.0.1,.1.3.6.1.2.1.1.1.0,null,error performing SNMP get: request timeout (after 1 retries)
02-11-2024,09:25:37,My PC,127.0.0.1,.1.3.6.1.2.1.1.1.0,null,error performing SNMP get: request timeout (after 1 retries)
02-11-2024,09:25:51,My PC,127.0.0.1,.1.3.6.1.2.1.1.1.0,null,error performing SNMP get: request timeout (after 1 retries)
02-11-2024,09:26:05,My PC,127.0.0.1,.1.3.6.1.2.1.1.1.0,null,error performing SNMP get: request timeout (after 1 retries)
02-11-2024,09:26:19,My PC,127.0.0.1,.1.3.6.1.2.1.1.1.0,null,error performing SNMP get: request timeout (after 1 retries)
02-11-2024,09:26:33,My PC,127.0.0.1,.1.3.6.1.2.1.1.1.0,null,error performing SNMP get: request timeout (after 1 retries)
02-11-2024,09:26:47,My PC,127.0.0.1,.1.3.6.1.2.1.1.1.0,null,error performing SNMP get: request timeout (after 1 retries)
02-11-2024,09:27:01,My PC,127.0.0.1,.1.3.6.1.2.1.1.1.0,null,error performing SNMP get: request timeout (after 1 retries)
02-11-2024,09:27:15,My PC,127.0.0.1,.1.3.6.1.2.1.1.1.0,null,error performing SNMP get: request timeout (after 1 retries)
02-11-2024,09:27:29,My PC,127.0.0.1,.1.3.6.1.2.1.1.1.0,null,error performing SNMP get: request timeout (after 1 retries)
02-11-2024,09:27:43,My PC,127.0.0.1,.1.3.6.1.2.1.1.1.0,null,error performing SNMP get: request timeout (after 1 retries)
02-11-2024,09:27:57,My PC,127.0.0.1,.1.3.6.1.2.1.1.1.0,null,error performing SNMP get: request timeout (after 1 retries)
02-11-2024,09:28:11,My PC,127.0.0.1,.1.3.6.1.2.1.1.1.0,null,error performing SNMP get: request timeout (after 1 retries)
02-11-2024,09:28:25,My PC,127.0.0.1,.1.3.6.1.2.1.1.1.0,null,error performing SNMP get: request timeout (after 1 retries)
02-11-2024,09:28:39,My PC,127.0.0.1,.1.3.6.1.2.1.1.1.0,null,error performing SNMP get: request timeout (after 1 retries)
02-11-2024,09:28:53,My PC,127.0.0.1,.1.3.6.1.2.1.1.1.0,null,error performing SNMP get: request timeout (after 1 retries)
02-11-2024,09:29:07,My PC,127.0.0.1,.1.3.6.1.2.1.1.1.0,null,error performing SNMP get: request timeout (after 1 retries)
02-11-2024,09:29:21,My PC,127.0.0.1,.1.3.6.1.2.1.1.1.0,null,error performing SNMP get: request timeout (after 1 retries)
02-11-2024,09:29:35,My PC,127.0.0.1,.1.3.6.1.2.1.1.1.0,null,error performing SNMP get: request timeout (after 1 retries)
02-11-2024,09:29:49,My PC,127.0.0.1,.1.3.6.1.2.1.1.1.0,null,error performing SNMP get: request timeout (after 1 retries)
02-11-2024,09:30:03,My PC,127.0.0.1,.1.3.6.1.2.1.1.1.0,null,error performing SNMP get: request timeout (after 1 retries)
02-11-2024,09:30:17,My PC,127.0.0.1,.1.3.6.1.2.1.1.1.0,null,error performing SNMP get: request timeout (after 1 retries)
02-11-2024,09:30:31,My PC,127.0.0.1,.1.3.6.1.2.1.1.1.0,null,error performing SNMP get: request timeout (after 1 retries)
02-11-2024,09:30:45,My PC,127.0.0.1,.1.3.6.1.2.1.1.1.0,null,error performing SNMP get: request timeout (after 1 retries)
02-11-2024,09:30:59,My PC,127.0.0.1,.1.3.6.1.2.1.1.1.0,null,error performing SNMP get: request timeout (after 1 retries)
02-11-2024,09:31:13,My PC,127.0.0.1,.1.3.6.1.2.1.1.1.0,null,error performing SNMP get: request timeout (after 1 retries)
02-11-2024,09:31:27,My PC,127.0.0.1,.1.3.6.1.2.1.1.1.0,null,error performing SNMP get: request timeout (after 1 retries)
02-11-2024,09:31:41,My PC,127.0.0.1,.1.3.6.1.2.1.1.1.0,null,error performing SNMP get: request timeout (after 1 retries)
02-11-2024,09:31:55,My PC,127.0.0.1,.1.3.6.1.2.1.1.1.0,null,error performing SNMP get: request timeout (after 1 retries)
02-11-2024,09:32:09,My PC,127.0.0.1,.1.3.6.1.2.1.1.1.0,null,error performing SNMP get: request timeout (after 1 retries)
02-11-2024,09:32:23,My PC,127.0.0.1,.1.3.6.1.2.1.1.1.0,null,error performing SNMP get: request timeout (after 1 retries)
02-11-2024,09:32:37,My PC,127.0.0.1,.1.3.6.1.2.1.1.1.0,null,error performing SNMP get: request timeout (after 1 retries)
02-11-2024,09:32:51,My PC,127.0.0.1,.1.3.6.1.2.1.1.1.0,null,error performing SNMP get: request timeout (after 1 retries)
02-11-2024,09:33:05,My PC,127.0.0.1,.1.3.6.1.2.1.1.1.0,null,error performing SNMP get: request timeout (after 1 retries)
02-11-2024,09:33:19,My PC,127.0.0.1,.1.3.6.1.2.1.1.1.0,null,error performing SNMP get: request timeout (after 1 retries)
02-11-2024,09:33:33,My PC,127.0.0.1,.1.3.6.1.2.1.1.1.0,null,error performing SNMP get: request timeout (after 1 retries)
02-11-2024,09:33:47,My PC,127.0.0.1,.1.3.6.1.2.1.1.1.0,null,error performing SNMP get: request timeout (after 1 retries)
02-11-2024,09:34:01,My PC,127.0.0.1,.1.3.6.1.2.1.1.1.0,null,error performing SNMP get: request timeout (after 1 retries)
02-11-2024,09:34:15,My PC,127.0.0.1,.1.3.6.1.2.1.1.1.0,null,error performing SNMP get: request timeout (after 1 retries)
02-11-2024,09:34:33,My PC,127.0.0.1,.1.3.6.1.2.1.1.1.0,null,error performing SNMP get: request timeout (after 1 retries)
02-11-2024,09:34:47,My PC,127.0.0.1,.1.3.6.1.2.1.1.1.0,null,error performing SNMP get: request timeout (after 1 retries)
02-11-2024,09:35:01,My PC,127.0.0.1,.1.3.6.1.2.1.1.1.0,null,error performing SNMP get: request timeout (after 1 retries)
02-11-2024,09:35:15,My PC,127.0.0.1,.1.3.6.1.2.1.1.1.0,null,error performing SNMP get: request timeout (after 1 retries)
02-11-2024,09:35:29,My PC,127.0.0.1,.1.3.6.1.2.1.1.1.0,null,error performing SNMP get: request timeout (after 1 retries)
02-11-2024,09:37:24,My PC,127.0.0.1,.1.3.6.1.2.1.1.1.0,null,error performing SNMP get: request timeout (after 1 retries)
02-11-2024,09:37:34,My PC,127.0.0.1,.1.3.6.1.2.1.1.1.0,null,SNMP monitoring has been stopped
